brandId,brandName,name,bio,price,currency,category,imageUrl,productUrl,isFeatured
,AL HAYAJAB, نهلة Nahla,"Featuring a high neckline and billowing long sleeves with delicate gathered cuffs, this gown blends vintage charm with contemporary style. The belt cinches the waistline, while the tiered skirt flows gracefully, creating an ethereal, regal effect. Dress is double lined.",45,GBP,abayas,https://alhayajab.com/cdn/shop/files/D21573B9-FC58-4BEE-9CE0-1B7908BD1B6C_1.jpg,https://alhayajab.com/products/nala-%D9%86%D9%87%D9%84%D8%A9-pre-order,0
,AL HAYAJAB, وردة Warda,Tap into your feminine energy with our closed abaya kaftan style. Sleeves also include  subtle shimmer white bead work! ,50,GBP,abayas,https://alhayajab.com/cdn/shop/files/BAC9A3C2-D3D3-423E-AC73-5023993CA088.jpg,https://alhayajab.com/products/warda-%D9%88%D8%B1%D8%AF%D8%A9,0
,AL HAYAJAB,Dahlia داليا (Mint Blue),"Elevate your evening wardrobe with this high neck abaya dress, adorned with floral crystal embellishments. Designed to make a statement, this abaya combines timeless sophistication with modern glamour. The intricate detailing along the neckline, cuffs, and matching detachable waist belt adds a touch of elegance, making it the perfect choice for formal events or special occasions.",85,GBP,abayas,https://alhayajab.com/cdn/shop/files/IMG_2137_7294a109-c6ee-4977-b664-0c02d6ad3edf.jpg,https://alhayajab.com/products/dahlia-%D8%AF%D8%A7%D9%84%D9%8A%D8%A7-mint-blue,0
,AL HAYAJAB, غزالي Ghazali,"Look fabulous in this stunning black abaya which features oversized batwing style and glass bead handwork along the sleeves - perfect for making a splash on special occasions. For an extra touch of elegance, the abaya pairs perfectly with the matching plain headscarf!",110,GBP,abayas,https://alhayajab.com/products/ghazali,https://alhayajab.com/cdn/shop/products/image_8ee22dec-661b-43f7-9ee2-4f90792fa113.jpg,1
,AL HAYAJAB,Jannati جنتي (Green),"Look fabulous in our head-turning silk abaya which features oversized, batwing style & split sleeves! The abaya includes silver glass bead handwork along the shoulders and back - perfect for making a splash on special occasions.",110,GBP,abayas,https://alhayajab.com/products/jannati-%D8%AC%D9%86%D8%AA%D9%8A,https://alhayajab.com/cdn/shop/files/image_707ec9d4-2f4d-4063-9bec-372828eee0f2.jpg,1
,AL HAYAJAB,زهرة Zohra,"Look fabulous in this stunning black abaya embroidered with gold beadwork & jewels! - perfect for making a splash on special occasions. For an extra touch of elegance, the abaya pairs perfectly with the matching embroidered headscarf!",110,GBP,abayas,https://alhayajab.com/cdn/shop/files/89995184-C127-468F-AAF0-A672AF32CF37.jpg,https://alhayajab.com/products/zohra-%D8%B2%D9%87%D8%B1%D8%A9,0
,AL HAYAJAB, حبيبة Habiba,A bold silk & satin blend abaya adorned with silver jewels and beadwork. Sleeves include a subtle split for extra character. This abaya is definitely a bold statement when entering any room with its airy cut. The perfect occasion abaya.,110,GBP,abayas,https://alhayajab.com/cdn/shop/files/79EBC7C6-25CB-4FF2-9A4D-10F4A7B8C51F.jpg,https://alhayajab.com/products/habiba-%D8%AD%D8%A8%D9%8A%D8%A8%D8%A9,0
,AL HAYAJAB, إيمان Iman,"A graceful abaya, detailed with intricate Afghan culture inspired glass mirror embroidery along perimeter of the abaya. The details include delicate floral motifs, accented with mirrors as well as fabric piping. The abaya's flowing fabric exudes elegance, while the detailed embroidery brings a sophisticated charm to the overall look. Perfect for formal or special occasions, the design strikes a balance between traditional modesty and contemporary style, making it a timeless wardrobe piece.",110,GBP,abayas,https://alhayajab.com/cdn/shop/files/IMG_2577.jpg,https://alhayajab.com/products/iman-%D8%A5%D9%8A%D9%85%D8%A7%D9%86-pre-order,0
,AL HAYAJAB,Hawa حَوَّاء (Black),"Look fabulous in this stunning oversized batwing style abaya. Features include intricate silver bead handwork along the sleeves, an elegant slit at the bottom of the abaya, which is also embellished with beadwork, and the softest feathers to bring the whole look together - perfect for making a splash on special occasions.",115,GBP,abayas,https://alhayajab.com/cdn/shop/files/9B7FC502-A045-4BF9-B633-F2E38A3010B8.png,https://alhayajab.com/products/hawa-%D9%87%D9%88%D8%A7,0
,AL HAYAJAB,Meera میرا (Silver),"A closed abaya which showcases harmonious blend of intricate glass beadwork crafted into delicate floral motifs. The contrasting gems adds a touch of sophistication, elevating the design into a refined and feminine statement piece. ",120,GBP,abayas,https://alhayajab.com/cdn/shop/files/B48B74AD-71F4-4CC9-BBB5-95FF4212928B.jpg,https://alhayajab.com/products/meera,0
,AL HAYAJAB,Sima سيما (Black),"An abaya which showcases harmonious blend of black, adorned with intricate glass beadwork crafted into delicate vine leaf motifs. The contrasting net fabric adds a touch of sophistication, elevating the design into a refined and feminine statement piece. Side slits enhance the silhouette with graceful movement, making this abaya the perfect choice for special occasions.",120,GBP,abayas,https://alhayajab.com/cdn/shop/files/FullSizeRender_60b431b0-60a1-4e97-9190-40f766a17592.jpg,https://alhayajab.com/products/sima-%D8%B3%D9%8A%D9%85%D8%A7,0
,AL HAYAJAB, أمينة Amina,Look fabulous in our show stopper crepe abaya! Sleeves are a combination between a batwing cut style and normal straight cut to give a loose fit. Sleeves also include a subtle shimmered split sleeves! The bodice of abaya includes silver glass bead handwork across the middle of the abaya horizontally - perfect for making a splash on special occasions.,125,GBP,abayas,https://alhayajab.com/products/amina-%D8%A2%D9%85%D9%86%D8%A9,https://alhayajab.com/cdn/shop/files/IMG_7860_2.jpg,1
,AL HAYAJAB,Khawlah خولة (Blue),"Discover the incomparable elegance of the Khawlah open abaya, adorned with hand-crafted glass beadwork cascading along the dramatic split sleeves. Perfect for those special moments, this exquisite ensemble also includes a coordinating headscarf.",135,GBP,abayas,https://alhayajab.com/cdn/shop/files/FullSizeRender_17619e48-92e6-4af9-8fd8-a31a22a9697e.jpg,https://alhayajab.com/products/khawlah-%D8%AE%D9%88%D9%84%D8%A9,0
,AL HAYAJAB,Amal أمال (Black/Silver),"Discover the incomparable elegance of the Amal black open abaya, adorned with hand-crafted glass beadwork cascading along the sleeves. Perfect for those special moments, this exquisite ensemble also includes a plain headscarf.",135,GBP,abayas,https://alhayajab.com/cdn/shop/files/79371538-64E3-4B1C-A86A-28C79B479996.jpg,https://alhayajab.com/products/amal-%D8%A3%D9%85%D8%A7%D9%84,0
,AL HAYAJAB,Dahlia داليا (Black),"Elevate your evening wardrobe with this high neck black abaya dress, adorned with floral crystal embellishments. Designed to make a statement, this abaya combines timeless sophistication with modern glamour. The intricate detailing along the neckline, cuffs, and matching detachable waist belt adds a touch of elegance, making it the perfect choice for formal events or special occasions.",135,GBP,abayas,https://alhayajab.com/cdn/shop/files/IMG_3325.jpg,https://alhayajab.com/products/dahlia-%D8%AF%D8%A7%D9%84%D9%8A%D8%A7,0
,AL HAYAJAB,Hoor حور (Black),"Discover the incomparable elegance of the Hoor layered open abaya, adorned with hand-crafted glass beadwork, pearls & gems cascading along the sleeves and back.  Perfect for those special moments, this exquisite ensemble also includes a matching headscarf.",135,GBP,abayas,https://alhayajab.com/cdn/shop/files/IMG_6593.jpg,https://alhayajab.com/products/hoor,0
,AL HAYAJAB,Aaira أرى (White),"A graceful abaya, detailed with intricate Afghan culture inspired glass mirror embroidery along perimeter of the abaya. The details include delicate floral motifs, accented with mirrors as well as fabric piping. The abaya's flowing fabric exudes elegance, while the detailed embroidery brings a sophisticated charm to the overall look. Perfect for formal or special occasions, the design strikes a balance between traditional modesty and contemporary style, making it a timeless wardrobe piece.",140,GBP,abayas,https://alhayajab.com/cdn/shop/files/IMG_3955.heic,https://alhayajab.com/products/aaira-%D8%A3%D8%B1%D9%89,0
,AL HAYAJAB, نادرة Nadira,"Nadira cape abaya is designed to turn heads. Made from soft, flowing black crepe, it features a dramatic cape silhouette that moves beautifully with you. Each piece is hand-finished with sparkling crystals and fine silver strands that catch the light in the most graceful way.",150,GBP,abayas,https://alhayajab.com/cdn/shop/files/IMG_2922.jpg,https://alhayajab.com/products/nadira-%D9%86%D8%A7%D8%AF%D8%B1%D8%A9-pre-order,0
,AL HAYAJAB,Maysoon ميسون (Black),"Indulge in timeless elegance with our Maysoon luxurious 3-piece abaya set, designed for the modern woman who appreciates fine craftsmanship and regal sophistication.",155,GBP,abayas,https://alhayajab.com/cdn/shop/files/BA11955E-2668-4302-9B2A-8577A4E57FBA.jpg,https://alhayajab.com/products/maysoon-%D9%85%D9%8A%D8%B3%D9%88%D9%86-pre-order-black,0
,AZELEFA,Printed Modal Hijab - Ocean Fog,"Feel the difference with Azelefa's signature modal – softer, smoother, and unmatched luxury. With its perfect weave and feather-light touch, it's a fabric you'll want to wear every day. Premium modal fabric for a luxurious soft touch. Flawless stitch and high-quality weave for a smooth, non-slip fit. Semi-sheer fabric in a single layer, fully opaque when doubled. Lightweight yet durable, perfect for all-day wear.",24.99,USD,hijabs,https://azelefa.com/cdn/shop/files/F77B42CC-FE26-4C82-BDC0-CF247E431182.jpg?crop=center&height=1715&v=1756635642&width=1320,https://azelefa.com/products/printed-modal-hijab-ocean-fog,1
,AZELEFA,Printed Modal Hijab - Safari Sands,"Feel the difference with Azelefa's signature modal – softer, smoother, and unmatched luxury. With its perfect weave and feather-light touch, it's a fabric you'll want to wear every day. Premium modal fabric for a luxurious soft touch. Flawless stitch and high-quality weave for a smooth, non-slip fit. Semi-sheer fabric in a single layer, fully opaque when doubled. Lightweight yet durable, perfect for all-day wear.",24.99,USD,hijabs,https://azelefa.com/cdn/shop/files/azelefa7833_0b0281a4-50b3-49e2-929d-c4a5ccdb0b30.jpg?crop=center&height=5079&v=1756635662&width=3907,https://azelefa.com/products/printed-modal-hijab-safari-sands,1
,AZELEFA,Printed Modal Hijab - City Girl,"Feel the difference with Azelefa's signature modal – softer, smoother, and unmatched luxury. With its perfect weave and feather-light touch, it's a fabric you'll want to wear every day. Premium modal fabric for a luxurious soft touch. Flawless stitch and high-quality weave for a smooth, non-slip fit. Semi-sheer fabric in a single layer, fully opaque when doubled. Lightweight yet durable, perfect for all-day wear.",24.99,USD,hijabs,https://azelefa.com/cdn/shop/files/azelefa8160.jpg?crop=center&height=5059&v=1756635658&width=3892,https://azelefa.com/products/printed-modal-hijab-city-girl,1
,AZELEFA,Printed Modal Hijab - Berry Tide,"Feel the difference with Azelefa's signature modal – softer, smoother, and unmatched luxury. With its perfect weave and feather-light touch, it's a fabric you'll want to wear every day. Premium modal fabric for a luxurious soft touch. Flawless stitch and high-quality weave for a smooth, non-slip fit. Semi-sheer fabric in a single layer, fully opaque when doubled. Lightweight yet durable, perfect for all-day wear.",24.99,USD,hijabs,https://azelefa.com/cdn/shop/files/azelefa8211.jpg?crop=center&height=4037&v=1756635664&width=3106,https://azelefa.com/products/printed-modal-hijab-berry-tide,1
,AZELEFA,Printed Modal Hijab - Brewed,"Feel the difference with Azelefa's signature modal – softer, smoother, and unmatched luxury. With its perfect weave and feather-light touch, it's a fabric you'll want to wear every day. Premium modal fabric for a luxurious soft touch. Flawless stitch and high-quality weave for a smooth, non-slip fit. Semi-sheer fabric in a single layer, fully opaque when doubled. Lightweight yet durable, perfect for all-day wear.",24.99,USD,hijabs,https://azelefa.com/cdn/shop/files/FullSizeRender_ca941a30-489d-4b81-990d-99d6c9d4cc56.jpg?crop=center&height=1715&v=1756635644&width=1320,https://azelefa.com/products/printed-modal-hijab-brewed,1
,AZELEFA,Printed Modal Hijab - Meadow,"Feel the difference with Azelefa's signature modal – softer, smoother, and unmatched luxury. With its perfect weave and feather-light touch, it's a fabric you'll want to wear every day. Premium modal fabric for a luxurious soft touch. Flawless stitch and high-quality weave for a smooth, non-slip fit. Semi-sheer fabric in a single layer, fully opaque when doubled. Lightweight yet durable, perfect for all-day wear.",24.99,USD,hijabs,https://azelefa.com/cdn/shop/files/azelefa8771.jpg?crop=center&height=5059&v=1756635667&width=3892,https://azelefa.com/products/printed-modal-hijab-meadow,1
,BATUL COLLECTION,Sweatpants | Heather Grey,"Made from 100% French terry cotton, these straight-leg sweatpants combine comfort with a flattering fit. Featuring an adjustable waistband for a customizable fit, they offer a sleek, streamlined silhouette that’s both relaxed and flattering. Perfect for lounging or layering, these sweatpants provide all-day comfort without sacrificing style.",40,USD,,https://batulthecollection.com/cdn/shop/files/sweatpants-heather-grey-528743.jpg?crop=center&height=1774&v=1731131722&width=1365,https://batulthecollection.com/collections/sale/products/sweatpants-heather-grey,0
,BATUL COLLECTION,Sweatpants | Noir,"Made from 100% French terry cotton, these straight-leg sweatpants combine comfort with a flattering fit. Featuring an adjustable waistband for a customizable fit, they offer a sleek, streamlined silhouette that’s both relaxed and flattering. Perfect for lounging or layering, these sweatpants provide all-day comfort without sacrificing style.",40,USD,,https://batulthecollection.com/cdn/shop/files/sweatpants-noir-564021.jpg?crop=center&height=2129&v=1731131726&width=1638,https://batulthecollection.com/collections/sale/products/sweatpants-noir,0
,BATUL COLLECTION,Haya | Light Brown,"The Haya Abaya Dress is the epitome of everyday elegance and practicality. Designed with thoughtful details to suit your busy lifestyle, it offers a seamless blend of style and comfort. The customizable waist ties allow you to tailor the fit exactly how you like it—cinch them for a flattering silhouette or let them loose for a more relaxed feel. With snap clips on the cuffs, you can easily keep your sleeves secure, making it perfect for staying active without sacrificing style.",45,USD,abayas,https://batulthecollection.com/cdn/shop/files/haya-light-brown-632501.jpg?crop=center&height=2129&v=1731794610&width=1638,https://batulthecollection.com/collections/sale/products/haya-mocha,0
,BATUL COLLECTION,Haya | Navy Blue,"The Haya Abaya Dress is the epitome of everyday elegance and practicality. Designed with thoughtful details to suit your busy lifestyle, it offers a seamless blend of style and comfort. The customizable waist ties allow you to tailor the fit exactly how you like it—cinch them for a flattering silhouette or let them loose for a more relaxed feel. With snap clips on the cuffs, you can easily keep your sleeves secure, making it perfect for staying active without sacrificing style.",45,USD,abayas,https://batulthecollection.com/cdn/shop/files/haya-navy-blue-785930.jpg?crop=center&height=2129&v=1731794608&width=1638,https://batulthecollection.com/collections/sale/products/haya-navy-blue,0
,BATUL COLLECTION,Madina | Pumpkin,"Introducing ""Madina"" - crafted from 100% breathable cotton for all-day comfort and elegance. This flattering design features delicate wooden bead accents at the cuffs, adding a subtle yet earthy touch. Perfect for any occasion, the Madina Dress combines effortless sophistication with a nod to nature, ensuring you look and feel your best.",45,USD,dresses,https://batulthecollection.com/cdn/shop/files/madina-pumpkin-858017.jpg?crop=center&height=2129&v=1727651781&width=1638,https://batulthecollection.com/collections/sale/products/madina-pumpkin,0
,BATUL COLLECTION,Haya | Emerald,"The Haya Abaya Dress is the epitome of everyday elegance and practicality. Designed with thoughtful details to suit your busy lifestyle, it offers a seamless blend of style and comfort. The customizable waist ties allow you to tailor the fit exactly how you like it—cinch them for a flattering silhouette or let them loose for a more relaxed feel. With snap clips on the cuffs, you can easily keep your sleeves secure, making it perfect for staying active without sacrificing style.",45,USD,abayas,https://batulthecollection.com/cdn/shop/files/haya-emerald-820106.jpg?crop=center&height=2130&v=1731794607&width=1639,https://batulthecollection.com/collections/sale/products/haya-emerald,0
,BATUL COLLECTION,Naadean Skirt | Espresso,"The Naadean Wool Blend Skirt combines timeless elegance with practical design. Crafted from a luxurious wool blend, this skirt features a flattering silhouette and seamlessly integrated pockets, adding functionality without compromising its sleek look.",55,USD,skirts,https://batulthecollection.com/cdn/shop/files/naadean-skirt-espresso-570374.jpg?crop=center&height=2129&v=1731794607&width=1638,https://batulthecollection.com/collections/sale/products/naadean-skirt-espresso,0
,BATUL COLLECTION,Naadean Skirt | Cream,"The Naadean Wool Blend Skirt combines timeless elegance with practical design. Crafted from a luxurious wool blend, this skirt features a flattering silhouette and seamlessly integrated pockets, adding functionality without compromising its sleek look.",55,USD,skirts,https://batulthecollection.com/cdn/shop/files/naadean-skirt-cream-631756.jpg?crop=center&height=2130&v=1731794609&width=1639,https://batulthecollection.com/collections/sale/products/naadean-skirt-cream,0
,BATUL COLLECTION,Ava Abaya | Chocolate,"The inner dress features a striking asymmetrical design in our soft vegan leather, providing a modern edge to your traditional wear. The outer abaya is adorned with vegan leather cuffs, adding a touch of chicness to this unique set.",70,USD,abayas,https://batulthecollection.com/cdn/shop/files/ava-abaya-chocolate-836554.jpg?crop=center&height=2129&v=1739583521&width=1638,https://batulthecollection.com/collections/sale/products/ava-abaya-chocolate,0
,BATUL COLLECTION,Mariam | Autumn,"Introducing Mariam - crafted from our signature luxury chiffon for an ethereal, elegant look. Featuring the perfect fall color palette, this dress combines rich, warm tones with a flattering, structured silhouette that maintains a modest appeal. Its super flowy and fluid design creates graceful movement. An ideal choice for transitioning through the season in effortless style. Perfect for both day and evening occasions, the Mariam Dress brings together timeless sophistication and fall-inspired beauty",99,USD,dresses,https://batulthecollection.com/cdn/shop/files/mariam-autumn-633067.jpg?crop=center&height=2129&v=1727651896&width=1638,https://batulthecollection.com/collections/sale/products/mariam-autumn,0
,BATUL COLLECTION,Celine | Navy & Beige,"Introducing ""Celine"" - a striking two-toned masterpiece in black and cream. Designed with a unique fabric-blocking technique, this dress perfectly balances structure with flow. The removable and customizable bows at the cuffs offer versatile styling options, allowing you to personalize your look with ease. Whether you're going for a polished or playful vibe, the Celine Dress adapts beautifully, making it a timeless addition to your wardrobe.",99,USD,dresses,https://batulthecollection.com/cdn/shop/files/celine-navy-beige-226208.jpg?crop=center&height=2129&v=1728148908&width=1638,https://batulthecollection.com/collections/sale/products/celine-navy-beige,0
,BY HASANAT,Brown Sugar Ombre Modal Hijab,"Sweet, smooth and timeless. Brown Sugar Ombre melts from a deep cocoa tone into soft warm brown, creating a natural gradient that flatters every skin tone. The bamboo modal gives it a cloud-soft feel, perfect for everyday wear, and the hair friendly texture keeps it in place while still looking effortlessly cute.",18,GBP,hijabs,https://byhasanat.co.uk/cdn/shop/files/image00002_f48186ec-4cae-4b29-8926-9a789f3e2713.jpg?v=1763073665&width=128,https://byhasanat.co.uk/products/woodland-rouge-modal-hijab-copy?variant=56336622518645,1
,BY HASANAT,Olive Meadow Ombre Modal Hijab,"Sweet, smooth and timeless. Brown Sugar Ombre melts from a deep cocoa tone into soft warm brown, creating a natural gradient that flatters every skin tone. The bamboo modal gives it a cloud-soft feel, perfect for everyday wear, and the hair friendly texture keeps it in place while still looking effortlessly cute.",18,GBP,hijabs,https://byhasanat.co.uk/cdn/shop/files/image00010_552570ea-3f80-4232-b722-6802cba9de35.jpg?v=1763073740&width=128,https://byhasanat.co.uk/products/olive-meadow-ombre-modal-hijab?variant=56336625959285,1
,BY HASANAT,Two-Piece Cape Dress Navy,"This set includes a detachable shoulder shawl and a matching long-sleeved dress, designed to be worn together or styled separately for versatile winter looks. The light, stretchy knit fabric drapes beautifully over the body, offering a soft, flowy fit that moves with ease while keeping you warm.",65,GBP,dresses,https://byhasanat.co.uk/cdn/shop/files/IMG_9616.jpg?v=1762718251&width=128,https://byhasanat.co.uk/products/winter-dress-two-piece-set-navy?variant=54858516332917,1
,BY HASANAT,Two-Piece Cape Dress Burgundy,"This set includes a detachable shoulder shawl and a matching long-sleeved dress, designed to be worn together or styled separately for versatile winter looks. The light, stretchy knit fabric drapes beautifully over the body, offering a soft, flowy fit that moves with ease while keeping you warm.",65,GBP,dresses,https://byhasanat.co.uk/cdn/shop/files/IMG_9612.jpg?v=1762718412&width=128,https://byhasanat.co.uk/products/winter-dress-two-piece-set-maroon?variant=54858513547637,1
,BY HASANAT,Two-Piece Cape Dress Off-White,"This set includes a detachable shoulder shawl and a matching long-sleeved dress, designed to be worn together or styled separately for versatile winter looks. The light, stretchy knit fabric drapes beautifully over the body, offering a soft, flowy fit that moves with ease while keeping you warm.",65,GBP,dresses,https://byhasanat.co.uk/cdn/shop/files/IMG_9618.jpg?v=1762718503&width=128,https://byhasanat.co.uk/products/winter-knit-dress-two-piece-set-white?variant=56288306430325,1
,BY HASANAT,Mocha Brown Suede Dress,"Crafted from a soft stretch suede, this ankle-length maxi dress is both elegant and comfortable. The fabric holds its shape to create a structured silhouette and a beautiful hip outline, while still feeling smooth against the skin. Designed with refined details and a timeless cut, it’s a versatile piece that transitions effortlessly from day to evening. Pair with boots for a relaxed autumn look or heels for a polished finish.",75,GBP,dresses,https://byhasanat.co.uk/cdn/shop/files/Photo13-09-2025_131516copy.jpg?v=1759242201&width=128,https://byhasanat.co.uk/products/mocha-brown-suede-dress?variant=56029420585333,1
,BY HASANAT,Olive Suede Dress,"Crafted from a soft stretch suede, this ankle-length maxi dress is both elegant and comfortable. The fabric holds its shape to create a structured silhouette and a beautiful hip outline, while still feeling smooth against the skin. Designed with refined details and a timeless cut, it’s a versatile piece that transitions effortlessly from day to evening. Pair with boots for a relaxed autumn look or heels for a polished finish.",75,GBP,dresses,https://byhasanat.co.uk/cdn/shop/files/Photo13-09-2025_103421copy.jpg?v=1759241884&width=128,https://byhasanat.co.uk/products/olive-suede-dress?variant=56029404987765,1
,BY HASANAT,Almond Suede Dress,"Crafted from a soft stretch suede, this ankle-length maxi dress is both elegant and comfortable. The fabric holds its shape to create a structured silhouette and a beautiful hip outline, while still feeling smooth against the skin. Designed with refined details and a timeless cut, it’s a versatile piece that transitions effortlessly from day to evening. Pair with boots for a relaxed autumn look or heels for a polished finish.",75,GBP,dresses,https://byhasanat.co.uk/cdn/shop/files/Photo_13-09-2025_11_04_44_copy.jpg?v=1759242292&width=128,https://byhasanat.co.uk/products/almond-suede-dress?variant=56029423567221,1
,HĀNM,Fine Modal 'Tusk',"Fine Modal is our premium woven fabric — lightweight, breathable, and refined. Delicately sheer and airy, our Fine Modal weave is designed for hot climates, offering cooling comfort and effortless drape. Intended to be worn loosely, this fabric pairs perfectly with our 360 Contour under-caps for fuss-free, secure hijab styling. Ideal for Hajj and Umrah, or any time you need lightness without compromise.",25,GBP,hijabs,https://hanm.co/cdn/shop/files/TuskWEB1.jpg?v=1760475190,https://hanm.co/collections/fine-modal-featured-collection/products/fine-modal-tusk,1
,HĀNM,Fine Modal 'Fawn',"Fine Modal is our premium woven fabric — lightweight, breathable, and refined. Delicately sheer and airy, our Fine Modal weave is designed for hot climates, offering cooling comfort and effortless drape. Intended to be worn loosely, this fabric pairs perfectly with our 360 Contour under-caps for fuss-free, secure hijab styling. Ideal for Hajj and Umrah, or any time you need lightness without compromise.",25,GBP,hijabs,https://hanm.co/cdn/shop/files/FawnWEB1.jpg?v=1760485056,https://hanm.co/collections/fine-modal-featured-collection/products/fine-modal-fawn,1
,HĀNM,Fine Modal 'Mossé',"Fine Modal is our premium woven fabric — lightweight, breathable, and refined. Delicately sheer and airy, our Fine Modal weave is designed for hot climates, offering cooling comfort and effortless drape. Intended to be worn loosely, this fabric pairs perfectly with our 360 Contour under-caps for fuss-free, secure hijab styling. Ideal for Hajj and Umrah, or any time you need lightness without compromise.",25,GBP,hijabs,https://hanm.co/cdn/shop/files/Mosseweb2_700x.jpg?v=1760474474,https://hanm.co/collections/fine-modal-featured-collection/products/fine-modal-mosse,1
,HĀNM,Fine Modal 'Kavah',"Fine Modal is our premium woven fabric — lightweight, breathable, and refined. Delicately sheer and airy, our Fine Modal weave is designed for hot climates, offering cooling comfort and effortless drape. Intended to be worn loosely, this fabric pairs perfectly with our 360 Contour under-caps for fuss-free, secure hijab styling. Ideal for Hajj and Umrah, or any time you need lightness without compromise.",25,GBP,hijabs,https://hanm.co/cdn/shop/files/KavahWEB1.jpg?v=1760485333,https://hanm.co/collections/new-in/products/fine-modal-kavah,0
,HĀNM,Fine Modal 'Maen',"Fine Modal is our premium woven fabric — lightweight, breathable, and refined. Delicately sheer and airy, our Fine Modal weave is designed for hot climates, offering cooling comfort and effortless drape. Intended to be worn loosely, this fabric pairs perfectly with our 360 Contour under-caps for fuss-free, secure hijab styling. Ideal for Hajj and Umrah, or any time you need lightness without compromise.",35,GBP,hijabs,https://hanm.co/cdn/shop/files/Maen_WEB_4_450x.jpg?v=1760465537,https://hanm.co/collections/fine-modal-featured-collection/products/fine-modal-maen-print-hijab,1
,HAWAA CLOTHING,Chocolate Cotton Jersey Hijab,"Premium fabric with 4-way stretch for all-day comfort. Effortlessly drapes and holds in place without hassle. Provides full coverage without layering. High-quality fabric that won’t bobble or fade, even after multiple washes. Designed for effortless styling, this hijab is perfect for everyday wear, work, or evening occasions—simply throw it on and go!",11,GBP,hijabs,https://www.hawaaclothing.com/cdn/shop/files/CChocolate15.jpg?v=1763226947&width=2048,https://www.hawaaclothing.com/collections/hijabs/products/chocolate-cotton-jersey-hijab,1
,HAWAA CLOTHING,Stone Cotton Jersey Hijab,"Premium fabric with 4-way stretch for all-day comfort. Effortlessly drapes and holds in place without hassle. Provides full coverage without layering. High-quality fabric that won’t bobble or fade, even after multiple washes. Designed for effortless styling, this hijab is perfect for everyday wear, work, or evening occasions—simply throw it on and go!",11,GBP,hijabs,https://www.hawaaclothing.com/cdn/shop/files/CStone18.jpg?v=1763227844&width=2048,https://www.hawaaclothing.com/collections/hijabs/products/stone-cotton-jersey-hijab,1
,HAWAA CLOTHING,Light Brown Cotton Jersey Hijab,"Premium fabric with 4-way stretch for all-day comfort. Effortlessly drapes and holds in place without hassle. Provides full coverage without layering. High-quality fabric that won’t bobble or fade, even after multiple washes. Designed for effortless styling, this hijab is perfect for everyday wear, work, or evening occasions—simply throw it on and go!",11,GBP,hijabs,https://www.hawaaclothing.com/cdn/shop/files/CLightBrown16.jpg?v=1763227388&width=2048,https://www.hawaaclothing.com/collections/hijabs/products/light-brown-cotton-jersey-hijab,1
,HAWAA CLOTHING,Mocha Bamboo Jersey Hijab,"Lightweight. Extremely soft & stretchy. Non-slip. Breathable – helps prevent hair damage. Moisture-wicking – stays fresh longer. Temperature regulating (cool in summer, warm in winter). 4-way stretch with a clean drape. Double-stitched edges that frame the face perfectly. Not prone to wrinkles.",19,GBP,hijabs,https://www.hawaaclothing.com/cdn/shop/files/BMocha18.jpg?v=1763314412&width=2048,https://www.hawaaclothing.com/collections/hijabs/products/mocha-bamboo-jersey-hijab,1
,HAWAA CLOTHING,Dark Brown Essential Top,"Gently oversized with a flattering, effortless drape. Pairs seamlessly with our Essential Trousers. Simple, refined, and thoughtfully made for everyday wear.",45,GBP,tops,https://www.hawaaclothing.com/cdn/shop/files/BrownCoord4.jpg?v=1763935876&width=2048,https://www.hawaaclothing.com/collections/featured-abaya/products/dark-brown-essential-top,1
,HAWAA CLOTHING,Black Essential Top,"Gently oversized with a flattering, effortless drape. Pairs seamlessly with our Essential Trousers. Simple, refined, and thoughtfully made for everyday wear.",45,GBP,tops,https://www.hawaaclothing.com/cdn/shop/files/BlackCoord3_8c871509-5586-487e-b4a6-a616e0cd9378.jpg?v=1763935349&width=2048,https://www.hawaaclothing.com/collections/featured-abaya/products/essential-top,1
,HAWAA CLOTHING,Dark Brown Knit Rib Dress,"Long sleeve knit dress. V polo neckline. Flared bell style sleeve. Adjustable ties at side waist to cinch. Lettuce hemline. Designed for a relaxed, longline silhouette",80,GBP,dresses,https://www.hawaaclothing.com/cdn/shop/files/CreamKnit123.jpg?v=1763122047&width=3249,https://www.hawaaclothing.com/collections/featured-abaya/products/dark-brown-knit-rib-dress,1
,HAYA ACTIVE,Printed Sports Hijab - Smoke,"It's usually very hard to attribute cooling, lightweight & breathable to a sports hijab. But after 1 year of fabric research and reiteration, we have managed to achieve a sports hijab that has all the properties you need to have a comfortable workout, whilst letting you style your hijab like you normally would.",19.99,GBP,hijabs,https://haya-active.com/cdn/shop/files/smoke1_533x.jpg?v=1764341339,https://haya-active.com/products/printed-sports-hijab-midnight-copy,1
,HAYA ACTIVE,Printed Sports Hijab - Olive,"It's usually very hard to attribute cooling, lightweight & breathable to a sports hijab. But after 1 year of fabric research and reiteration, we have managed to achieve a sports hijab that has all the properties you need to have a comfortable workout, whilst letting you style your hijab like you normally would.",19.99,GBP,hijabs,https://haya-active.com/cdn/shop/files/olive2_533x.jpg?v=1764340686,https://haya-active.com/products/printed-sports-hijab-olive,1
,HAYA ACTIVE,Printed Sports Hijab - Ocean,"It's usually very hard to attribute cooling, lightweight & breathable to a sports hijab. But after 1 year of fabric research and reiteration, we have managed to achieve a sports hijab that has all the properties you need to have a comfortable workout, whilst letting you style your hijab like you normally would.",19.99,GBP,hijabs,https://haya-active.com/cdn/shop/files/ocean3_533x.jpg?v=1764340907,https://haya-active.com/products/sports-hijab-1,1
,HAYA ACTIVE,Printed Sports Hijab - Midnight,"It's usually very hard to attribute cooling, lightweight & breathable to a sports hijab. But after 1 year of fabric research and reiteration, we have managed to achieve a sports hijab that has all the properties you need to have a comfortable workout, whilst letting you style your hijab like you normally would.",19.99,GBP,hijabs,https://haya-active.com/cdn/shop/files/midnight1_533x.jpg?v=1764341193,https://haya-active.com/products/printed-sports-hijab-midnight,1
,HAYA ACTIVE,Essential Training Top - Pink,"This top was designed specifically to relieve you of these issues. The fabric used is very lightweight, breathable and sweat-wicking. Perfect for high-intensity activity. So you can go hard in the gym or on your run and still feel comfortable and cool.",39,GBP,tops,https://haya-active.com/cdn/shop/files/essentialpinkmain_533x.jpg?v=1760112880,https://haya-active.com/products/essential-training-top-pink,1
,HAYA ACTIVE,Wide Leg Pant - Pink,"You need something loose but flattering, breathable but durable—something you can lift in, run errands in, and feel confident wearing anywhere.",39,GBP,,https://haya-active.com/cdn/shop/files/widepinkmain_533x.jpg?v=1760112322,https://haya-active.com/products/wide-leg-pant-pink,1
,LYRA MODEST,Luxe Long Sleeve T-Shirt,"Crafted with butter-soft Modal fabric, thumbholes, back scoop and cinch detailing, this Lock-in long sleeve top offers unparalleled fit and comfort as you move. Experience full range of motion without readjusting or compromising on coverage in your new modest workout top. ",40,GBP,tops,https://lyramodest.com/cdn/shop/files/LUXELONG_BLACK_ECOM_FRONT.jpg,https://lyramodest.com/products/luxe-long-sleeve-t-shirt,1
,LYRA MODEST,Skirt Wrap Trouser,Experience full coverage and style at its finest. Your New Favourite Wide Leg elevates expectations of modest activewear giving you the confidence you need to move freely in any setting. No more tugging down the shirt in between sets. Experience the freedom of intentional modest activewear design.  ,70,GBP,activewear,https://lyramodest.com/cdn/shop/files/SH20_LyraModest_21Nov_0529_RF_Web.jpg,https://lyramodest.com/products/skirt-wrap-trouser,1
,LYRA MODEST,Mila Knit Co-ord Jumper,"A relaxed-fit knit designed for comfort and effortless style. Featuring a softly structured high neck, dropped shoulders, and deep rib detailing across the cuffs and hem. The front is finished with a subtle curved hemline for added shape and coverage. Style with the matching trousers for a refined, easygoing co-ord look.",95,GBP,tops,https://lyramodest.com/cdn/shop/files/Mila_Knit_Jumper_Black_5.jpg,https://lyramodest.com/products/mila-knot-co-ord-jumper,1
,LYRA MODEST,Sofia Classic,"This is the ultimate in modest swimwear that will have you covered and photo-ready all summer long. Glide through the waters 4-way stretch material powered by patented Italian Ribelux™ exclusive to LYRA. You get 5 times more freedom of movement than polyester. Switch from poolside posing to lengthy laps in lightweight, fast-drying material perfected so you can focus on getting to your next adventure.",110,GBP,swimwear,https://lyramodest.com/cdn/shop/files/LYRAcampaign21-30_86149482-df1b-4343-bfab-fd6e7941bb87.jpg,https://lyramodest.com/products/sofia-classic,1
,LYRA MODEST,Sofia Pastel,"The classic, elevated. Everything you loved about the Signature collection with a pastel twist. Make waves with the ultimate in modest swimwear. Fuse form and function in this flattering silhouette that doesn’t compromise modesty. Glide through the waters in 4-way stretch material, powered by patented Italian Ribelux™ exclusive to LYRA. You get 5 times more freedom of movement than polyester. Switch from poolside posing to lengthy laps in lightweight, fast-drying material perfected so you can focus on getting to your next adventure.",110,GBP,swimwear,https://lyramodest.com/cdn/shop/files/LYRACAMPAIGN-29.jpg,https://lyramodest.com/products/sofia-pastel,1
,LYRA MODEST,Sofia Crop,You said you needed the cropped cut so we made you the Crop. The short-sleeved swim-top and cropped leggings keep you modestly covered whilst allowing some of your skin to breathe. Customise your coverage throughout your day with the detachable scoop skirt and optional classic turban. Experience featherlight coverage and instant drying powered by patented Italian Ribelux™ 4-way stretch material exclusive to LYRA.,110,GBP,swimwear,https://lyramodest.com/cdn/shop/files/LYRAcampaign21-03_1.jpg,https://lyramodest.com/products/sofia-crop-1,1
,LYRA MODEST,Sofia Shimmer,"Glisten by the water in the Signature Collection gets a romantic shimmer makeover. Wrap yourself in 11 stages of craftsmanship to experience the swimsuit that upgraded our expectations of modest swimwear. Fast-drying, patented Italian Ribelux™ material exclusive to LYRA, perfected so you can focus on enjoying your time in the water, no ballooning as you swim. ",120,GBP,swimwear,https://lyramodest.com/cdn/shop/files/SHIMMERCOVERPIC.jpg,https://lyramodest.com/products/sofia-shimmer,1
,LYRA MODEST,Soraya,"The all-new SORAYA - a refined evolution of modest swimwear, now featuring our first-ever built-in waterproof charm accessory, seamlessly integrated into the design. A subtle, gold-toned signature ring charm adds a distinctive, feminine accent — secure, sea-safe, and effortlessly chic. Crafted from LYRA’s exclusive Italian Ribelux™ fabric, SORAYA delivers 4-way stretch that adapts to every movement. It's 5x more flexible than standard polyester, offering lightweight, quick-dry comfort for all-day wear — from open-water swims to sunset walks.",125,GBP,,https://lyramodest.com/cdn/shop/files/SORAYACOVER.png,https://lyramodest.com/products/soraya,1
,MERRACHI,Essential Jersey Dress Short | Dark Brown,"This jersey dress is cut from stretchy jersey that's expertly knitted. It's made with a high neck and long sleeves, then falls to a maxi hem.",89,EUR,dresses,https://bymerrachi.com/cdn/shop/files/Essential_Jersey_Dress_Regular_Dark_Brown_BM_E_2460.jpg,https://bymerrachi.com/products/essential-jersey-dress-short-dark-brown,1
,MERRACHI,Essential Jersey Dress Regular | Dark Brown,"This jersey dress is cut from stretchy jersey that's expertly knitted. It's made with a high neck and long sleeves, then falls to a maxi hem.",89,EUR,dresses,https://bymerrachi.com/cdn/shop/files/Essential_Jersey_Dress_Regular_Dark_Brown_BM_E_2460_b4c8acd3-9f08-41c5-b093-ac0c2009bf78.jpg,https://bymerrachi.com/products/essential-jersey-dress-regular-dark-brown,1
,MERRACHI,Essential Dress Short | Dark Brown,"Our best-selling Essential Dress is a minimalist, elegant piece featuring a full-length, flowing silhouette with long, wide sleeves and a high neckline, designed for comfort and simplicity, and pairs perfectly with the Essential Abaya and Essential Leggings.",90,EUR,dresses,https://bymerrachi.com/cdn/shop/files/Essential_Dress_Regular_Dark_Brown_BM_F_0648.jpg,https://bymerrachi.com/products/essential-dress-short-dark-brown,1
,MERRACHI,Essential Dress Regular | Khaki,"Our best-selling Essential Dress is a minimalist, elegant piece featuring a full-length, flowing silhouette with long, wide sleeves and a high neckline, designed for comfort and simplicity, and pairs perfectly with the Essential Abaya and Essential Leggings.",90,EUR,dresses,https://bymerrachi.com/cdn/shop/files/Essential_Dress_Regular_Khaki_BM_F_1107_cf8348d8-cbd3-444b-821c-b486d8508f51.jpg,https://bymerrachi.com/products/essential-dress-regular-khaki,1
,MERRACHI,Essential Dress Regular | Chocolate,"Our best-selling Essential Dress is a minimalist, elegant piece featuring a full-length, flowing silhouette with long, wide sleeves and a high neckline, designed for comfort and simplicity, and pairs perfectly with the Essential Abaya and Essential Leggings.",90,EUR,dresses,https://bymerrachi.com/cdn/shop/files/Essential_Dress_Regular_Chocolate_BM_E_1421.jpg,https://bymerrachi.com/products/essential-dress-regular-chocolate,1
,MERRACHI,Essential Dress Short | Khaki,"Our best-selling Essential Dress is a minimalist, elegant piece featuring a full-length, flowing silhouette with long, wide sleeves and a high neckline, designed for comfort and simplicity, and pairs perfectly with the Essential Abaya and Essential Leggings.",90,EUR,dresses,https://bymerrachi.com/cdn/shop/files/Essential_Dress_Regular_Khaki_BM_F_1107.jpg,https://bymerrachi.com/products/essential-dress-short-khaki,1
,MERRACHI,Essential Dress Short | Chocolate,"Our best-selling Essential Dress is a minimalist, elegant piece featuring a full-length, flowing silhouette with long, wide sleeves and a high neckline, designed for comfort and simplicity, and pairs perfectly with the Essential Abaya and Essential Leggings.",90,EUR,dresses,https://bymerrachi.com/cdn/shop/files/Essential_Dress_Regular_Chocolate_BM_E_1425_c4f1669a-aa12-459e-9951-0d1fefcdf345.jpg,https://bymerrachi.com/products/essential-dress-short-chocolate,1
,MERRACHI,Essential Dress Regular | Dark Brown,"This jersey dress is cut from stretchy jersey that's expertly knitted. It's made with a high neck and long sleeves, then falls to a maxi hem.",90,EUR,dresses,https://bymerrachi.com/cdn/shop/files/Essential_Dress_Regular_Dark_Brown_BM_F_0648_662cadc2-20e3-40f9-9e6c-1c75998e04d0.jpg,https://bymerrachi.com/products/essential-dress-regular-dark-brown,1
,MERRACHI,Essential Dress Short | Mocha,"Our best-selling Essential Dress is a minimalist, elegant piece featuring a full-length, flowing silhouette with long, wide sleeves and a high neckline, designed for comfort and simplicity, and pairs perfectly with the Essential Abaya and Essential Leggings.",90,EUR,dresses,https://bymerrachi.com/cdn/shop/files/EssentialDressRegular_Mocha_BM_F_a0a2ff8b-a596-47ce-95c2-8d3afc5118e3.jpg,https://bymerrachi.com/products/essential-dress-short-mocha-1,1
,MERRACHI,Essential Dress Regular | Mocha,"Our best-selling Essential Dress is a minimalist, elegant piece featuring a full-length, flowing silhouette with long, wide sleeves and a high neckline, designed for comfort and simplicity, and pairs perfectly with the Essential Abaya and Essential Leggings.",90,EUR,dresses,https://bymerrachi.com/cdn/shop/files/EssentialDressRegular_Mocha_BM_F.jpg,https://bymerrachi.com/products/essential-dress-regular-mocha-1,1
,MERRACHI,Essential Dress Regular | Off White,"Our best-selling Essential Dress is a minimalist, elegant piece featuring a full-length, flowing silhouette with long, wide sleeves and a high neckline, designed for comfort and simplicity, and pairs perfectly with the Essential Abaya and Essential Leggings.",90,EUR,dresses,https://bymerrachi.com/cdn/shop/files/EssentialDressRegular_OffWhite_BM_F.jpg,https://bymerrachi.com/products/essential-dress-regular-off-white-1,1
,MERRACHI,Essential Dress Short | Black,"Our best-selling Essential Dress is a minimalist, elegant piece featuring a full-length, flowing silhouette with long, wide sleeves and a high neckline, designed for comfort and simplicity, and pairs perfectly with the Essential Abaya and Essential Leggings.",90,EUR,dresses,https://bymerrachi.com/cdn/shop/files/EssentialDressRegular_Black_BM_F_0d2e9a6e-0024-4e14-9ea9-780c87718433.jpg,https://bymerrachi.com/products/essential-dress-short-black-1,1
,MERRACHI,Essential Dress Regular | Black,"Our best-selling Essential Dress is a minimalist, elegant piece featuring a full-length, flowing silhouette with long, wide sleeves and a high neckline, designed for comfort and simplicity, and pairs perfectly with the Essential Abaya and Essential Leggings.",90,EUR,dresses,https://bymerrachi.com/cdn/shop/files/EssentialDressRegular_Black_BM_F.jpg,https://bymerrachi.com/products/essential-dress-regular-black-1,1
,MERRACHI,Essential Abaya Short | Dark Brown,"Our best-selling Essential Abaya is a refined, minimalist garment with three-quarter length sleeves, a modest full-length silhouette, and no embellishments, offering versatile, understated elegance for both formal and casual occasions. The Essential Abaya is sold separately and does not include the dress shown in the images.",130,EUR,abayas,https://bymerrachi.com/cdn/shop/files/Essential_Abaya_Regular_Dark_Brown_BM_E_0808_a3fb99bf-fcd3-45ed-a9fd-fef8ed83eb7a.jpg,https://bymerrachi.com/products/essential-abaya-short-dark-brown,1
,MERRACHI,Essential Abaya Regular | Khaki,"Our best-selling Essential Abaya is a refined, minimalist garment with three-quarter length sleeves, a modest full-length silhouette, and no embellishments, offering versatile, understated elegance for both formal and casual occasions. The Essential Abaya is sold separately and does not include the dress shown in the images.",130,EUR,abayas,https://bymerrachi.com/cdn/shop/files/Essential_Abaya_Regular_Khaki_BM_F_1223.jpg,https://bymerrachi.com/products/essential-abaya-regular-khaki,1
,MERRACHI,Essential Abaya Regular | Chocolate,"Our best-selling Essential Abaya is a refined, minimalist garment with three-quarter length sleeves, a modest full-length silhouette, and no embellishments, offering versatile, understated elegance for both formal and casual occasions. The Essential Abaya is sold separately and does not include the dress shown in the images.",130,EUR,abayas,https://bymerrachi.com/cdn/shop/files/Essential_Abaya_Regular_Chocolate_BM_F_1449.jpg,https://bymerrachi.com/products/essential-abaya-regular-chocolate,1
,MERRACHI,Essential Abaya Short | Khaki,"Our best-selling Essential Abaya is a refined, minimalist garment with three-quarter length sleeves, a modest full-length silhouette, and no embellishments, offering versatile, understated elegance for both formal and casual occasions. The Essential Abaya is sold separately and does not include the dress shown in the images.",130,EUR,abayas,https://bymerrachi.com/cdn/shop/files/Essential_Abaya_Regular_Khaki_BM_F_1223_d1c69b43-13fe-4388-a9de-08e406ea83c7.jpg,https://bymerrachi.com/products/essential-abaya-short-khaki,1
,MERRACHI,Essential Abaya Short | Chocolate,"Our best-selling Essential Abaya is a refined, minimalist garment with three-quarter length sleeves, a modest full-length silhouette, and no embellishments, offering versatile, understated elegance for both formal and casual occasions. The Essential Abaya is sold separately and does not include the dress shown in the images.",130,EUR,abayas,https://bymerrachi.com/cdn/shop/files/Essential_Abaya_Regular_Chocolate_BM_F_1449_dea212c7-e3ad-4220-9aee-161443bff89b.jpg,https://bymerrachi.com/products/essential-abaya-short-chocolate,1
,MERRACHI,Essential Abaya Regular | Dark Brown,"Our best-selling Essential Abaya is a refined, minimalist garment with three-quarter length sleeves, a modest full-length silhouette, and no embellishments, offering versatile, understated elegance for both formal and casual occasions. The Essential Abaya is sold separately and does not include the dress shown in the images.",130,EUR,abayas,https://bymerrachi.com/cdn/shop/files/Essential_Abaya_Regular_Dark_Brown_BM_F_0757.jpg,https://bymerrachi.com/products/essential-abaya-regular-dark-brown,1
,MERRACHI,Essential Abaya  Short | Black,"Our best-selling Essential Abaya is a refined, minimalist garment with three-quarter length sleeves, a modest full-length silhouette, and no embellishments, offering versatile, understated elegance for both formal and casual occasions. The Essential Abaya is sold separately and does not include the dress shown in the images.",130,EUR,abayas,https://bymerrachi.com/cdn/shop/files/EssentialAbayaRegular_Black_BM_F_3f27e6e5-d1db-49cc-8d9b-9a42945f3df7.jpg,https://bymerrachi.com/products/essential-abaya-short-black-1,1
,MERRACHI,Essential Abaya Regular | Black,"Our best-selling Essential Abaya is a refined, minimalist garment with three-quarter length sleeves, a modest full-length silhouette, and no embellishments, offering versatile, understated elegance for both formal and casual occasions. The Essential Abaya is sold separately and does not include the dress shown in the images.",130,EUR,abayas,https://bymerrachi.com/cdn/shop/files/EssentialAbayaRegular_Black_BM_F_fd9af1c9-f47b-41c2-a34c-af9098d7a963.jpg,https://bymerrachi.com/products/essential-abaya-regular-black-1,1
,MERRACHI,Essential Top | Light Black,"This long sleeve, form-fitted top is perfect for everyday layering and a perfect wardrobe staple.",49,EUR,tops,https://bymerrachi.com/cdn/shop/files/EssentialTop_Black_BM_F_60604ee9-63ad-4620-bf07-22581828f720.jpg,https://bymerrachi.com/products/essential-top-light-black,1
,MISS FM,Satin Textured Scarf,Elevate your look with our satin scarves — a lustrous outside and matte inside for the perfect grip. Available in multiple colors.,4.25,USD,,https://www.missfm.co/cdn/shop/products/IMG_0213_1024x1024.jpg?v=1705437011,https://www.missfm.co/collections/50-off/products/charcoal-satin-scarf,1
,MISS FM,Emmie Shirt in Sandy Brown,"A classic button-down shirt that never loses its charm, offering effortless style and versatility from the office to evenings out. With a crisp collar, sleek buttons, and a perfectly tailored fit, it’s made to impress. Roll up the sleeves, do a casual tuck, or wear it loose.",15,USD,tops,https://www.missfm.co/cdn/shop/products/DSC06958_1024x1024.jpg?v=1664803120,https://www.missfm.co/collections/70-off/products/emmie-shirt,1
,MISS FM,Emmie Shirt in Checkered Leather,"A classic button-down shirt that never loses its charm, offering effortless style and versatility from the office to evenings out. With a crisp collar, sleek buttons, and a perfectly tailored fit, it’s made to impress. Roll up the sleeves, do a casual tuck, or wear it loose.",15,USD,tops,https://www.missfm.co/cdn/shop/products/DSC06739_1024x1024.jpg?v=1737117172,https://www.missfm.co/collections/70-off/products/emmie-shirt-in-checkered-leather,1
,MISS FM,Eva Faux Leather Pant,"Step into sleek sophistication with these straight-leg faux leather pants, featuring bold diagonal side paneling for a striking, modern edge. Designed to elongate and flatter, these pants fuse structure with style, creating a look that’s as powerful as it is polished. Perfect for dressing up or adding a touch of luxe to casual outfits, they’re the ultimate statement piece.",18,USD,,https://www.missfm.co/cdn/shop/products/DSC06621_1024x1024.jpg?v=1664795692,https://www.missfm.co/collections/70-off/products/eva-faux-leather-pant,1
,MISS FM,Ginger Top in Beige,"Unleash your style with this fitted long-sleeve top, featuring thumbholes and a jewel neckline. The eye-catching asymmetrical ruching from the bust to the waist adds a playful twist, enhancing the silhouette with flair. Perfect for making a statement, this top effortlessly blends comfort and chic sophistication. ",23,USD,tops,https://www.missfm.co/cdn/shop/files/IMG_7182_42d465f8-573e-4dda-a312-7f823d837fb2_1024x1024.jpg,https://www.missfm.co/collections/50-off/products/ginger-top,1
,MISS FM,Ginger Top in Black,"Unleash your style with this fitted long-sleeve top, featuring thumbholes and a jewel neckline. The eye-catching asymmetrical ruching from the bust to the waist adds a playful twist, enhancing the silhouette with flair. Perfect for making a statement, this top effortlessly blends comfort and chic sophistication. ",23,USD,tops,https://www.missfm.co/cdn/shop/products/DSC06472_1024x1024.jpg,https://www.missfm.co/collections/50-off/products/ginger-top-in-black,1
,MISS FM,Ginger Top in White,"Unleash your style with this fitted long-sleeve top, featuring thumbholes and a jewel neckline. The eye-catching asymmetrical ruching from the bust to the waist adds a playful twist, enhancing the silhouette with flair. Perfect for making a statement, this top effortlessly blends comfort and chic sophistication. ",23,USD,tops,https://www.missfm.co/cdn/shop/products/DSC06618_cafad23c-8b17-44b2-aa51-8c880f4e570b_1024x1024.jpg,https://www.missfm.co/collections/50-off/products/ginger-top-in-white,1
,MISS FM,Ellie Maxi 1.0,"Elevate your style with Ellie — modest, elegant, and perfect for summer events. Its florentine neckline and long sleeves with pleated sides add timeless grace, while the lightweight, breathable fabric ensures comfort for vacations or resort outings.",24,USD,dresses,https://www.missfm.co/cdn/shop/files/7B1EBFC0-73DC-4189-8AEB-816D7C6D2D7A_1024x1024.jpg?v=1720204504,https://www.missfm.co/collections/70-off/products/ellie-1-0,1
,MISS FM,Oak Cargo Pant,"Oak Cargo — straight-legged Oak pant detailed with pockets on either sides to present a classy cargo-pant look. Made with a soft-to-touch, mildly stretchy, faux matte-suede fabric. Elevate your look with these versatile pants that are sure to become your go-to choice for every occasion.",24,USD,,https://www.missfm.co/cdn/shop/products/DSC06456_1024x1024.jpg,https://www.missfm.co/collections/60-off/products/oak-cargo-pant,1
,MISS FM,Kira 1.0,"Discover the beauty of Kira — unleash your inner girly girl with this stunning faux-corset dress, featuring a feminine v neckline and delightful bubble sleeves adorned with faux button-down details. Perfect for picnics and summer outings, this lightweight and airy dress effortlessly combines elegance with comfort, capturing the essence of Miss FM style. Embrace your femininity and make a bold statement with this enchanting piece.",29,USD,dresses,https://www.missfm.co/cdn/shop/files/IMG_4758_1024x1024.jpg?v=1714083358,https://www.missfm.co/collections/70-off/products/kira-1-0-copy,1
,MISS FM,Demi,"If you love patterns and pattern blocking, this is the dress for you. As a signature feature of our dresses, this dress gives a slimming effect at the waistline with its quirky yet classy details. This dress does not come with a scarf.",30,USD,dresses,https://www.missfm.co/cdn/shop/products/DSC03550_25262c1e-4c13-414e-9e46-4590ddbd5d67_1024x1024.jpg,https://www.missfm.co/collections/60-off/products/demi-us-canada-store,1
,MISS FM,Aya Knit Dress,"Aya — the essence of modest sophistication for the graceful woman. This elegant dress features a simple A line cut with an asymmetrical neckline, delicate ruffles on the hem, and thumb holes to keep sleeves in place, balancing style and modesty for today’s fashion-forward woman.",32,USD,dresses,https://www.missfm.co/cdn/shop/files/FullSizeRender_1024x1024.jpg,https://www.missfm.co/collections/60-off/products/aya-1-0,1
,MISS FM,Jasmine in Black,"An eccentric elevation to your wardrobe. This lightweight dress features flattering slanted flat pleats and long cuffed bubble sleeves, providing stylish coverage for any occasion. The piece that beautifully fuses contemporary design with sophistication.",45,USD,dresses,https://www.missfm.co/cdn/shop/products/IMG_2692_1024x1024.jpg?v=1709085427,https://www.missfm.co/collections/50-off/products/jasmine-dress,1
,MISS FM,Black Knit Skirt Set,"A classic skirt and top duo that defines simplicity. With a sleek cut and classic neckline, this versatile ensemble is the perfect canvas for your creativity. Effortlessly pair it with knee-high boots for a polished look or dress it down with trendy sneakers for a casual vibe. A must-have for the everyday contemporary, fashion-forward woman. ",60,USD,skirts,https://www.missfm.co/cdn/shop/files/07DA4A2F-1AEA-4808-B3AB-0E0BB7C5352A_1024x1024.png,https://www.missfm.co/collections/50-off/products/knit-skirt-coordknitwear-skirt-coord-knitwear-skirt-knitwear-top-knitwear-set,1
,MODEST ESSENTIALS,Rahila Pleated Top - Black,"Soft pleated top with a breezy, flowy silhouette. Slightly oversized fit for effortless modest styling. Wide pleats that add texture without feeling bulky. Easy-to-style essential that pairs beautifully with skirts or trousers",40,USD,tops,https://modestessential.us/cdn/shop/files/IMG_3037.png?crop=region&crop_height=1194&crop_left=0&crop_top=2&crop_width=800&v=1763995311&width=800,https://modestessential.us/collections/fall-25/products/yusra-pleated-top-black,
,MODEST ESSENTIALS,Iqra Side Belt Dress - Mauve,"A flattering and versatile dress perfect for both office wear and casual outings. Features a chic side belt tie-up detail that cinches the waist, allowing for an adjustable and customized fit.",50,USD,dresses,https://modestessential.us/cdn/shop/files/IMG_3076.png?crop=region&crop_height=1194&crop_left=0&crop_top=2&crop_width=800&v=1763995344&width=800,https://modestessential.us/collections/fall-25/products/erum-side-belt-dress-mauve,
,MODEST ESSENTIALS,Iqra Side Belt Dress - Taupe,"A flattering and versatile dress perfect for both office wear and casual outings. Features a chic side belt tie-up detail that cinches the waist, allowing for an adjustable and customized fit.",50,USD,dresses,https://modestessential.us/cdn/shop/files/M.ENOVEMBER20252.0-2.jpg?crop=region&crop_height=2500&crop_left=100&crop_top=0&crop_width=1675&v=1763995341&width=1875,https://modestessential.us/collections/fall-25/products/erum-side-belt-dress-taupe,
,MODEST ESSENTIALS,Saima Tie-Up Abaya - Brown,"Printed open abaya with a soft A-line silhouette. Slightly oversized fit for easy layering and flow. Delicate front tie-up detail for a feminine touch. Marble print that adds an elegant, elevated finish",50,USD,abayas,https://modestessential.us/cdn/shop/files/IMG_3026.jpg?crop=region&crop_height=1194&crop_left=0&crop_top=2&crop_width=800&v=1763995302&width=800,https://modestessential.us/collections/fall-25/products/tanweer-tie-up-abaya-green-copy,
,MODEST ESSENTIALS,Saima Tie-Up Abaya - Green,"Printed open abaya with a soft A-line silhouette. Slightly oversized fit for easy layering and flow. Delicate front tie-up detail for a feminine touch. Marble print that adds an elegant, elevated finish",50,USD,abayas,https://modestessential.us/cdn/shop/files/IMG_3022.jpg?crop=region&crop_height=1194&crop_left=0&crop_top=2&crop_width=800&v=1763995300&width=800,https://modestessential.us/collections/fall-25/products/tanweer-tie-up-abaya-green,
,MODEST ESSENTIALS,Saima Tie-Up Abaya - Beige,"Printed open abaya with a soft A-line silhouette. Slightly oversized fit for easy layering and flow. Delicate front tie-up detail for a feminine touch. Marble print that adds an elegant, elevated finish",50,USD,abayas,https://modestessential.us/cdn/shop/files/IMG_3019.jpg?crop=region&crop_height=1194&crop_left=0&crop_top=2&crop_width=800&v=1763995298&width=800,https://modestessential.us/collections/fall-25/products/tanweer-tie-up-abaya,
,MODEST ESSENTIALS,Ruhi Pleated Skirt - Black,"Elegant pleated skirt with a soft, flowy fall. Free-size waist designed for a comfortable, flexible fit. Timeless silhouette that pairs effortlessly with modest tops. Lightweight movement for an easy, graceful look",55,USD,skirts,https://modestessential.us/cdn/shop/files/IMG_3031.jpg?crop=region&crop_height=1194&crop_left=0&crop_top=2&crop_width=800&v=1763995307&width=800,https://modestessential.us/collections/fall-25/products/pleated-skirt-black,1
,MODEST ESSENTIALS,Ruhi Pleated Skirt - Beige,"Elegant pleated skirt with a soft, flowy fall. Free-size waist designed for a comfortable, flexible fit. Timeless silhouette that pairs effortlessly with modest tops. Lightweight movement for an easy, graceful look",55,USD,skirts,https://modestessential.us/cdn/shop/files/IMG_3033.jpg?crop=region&crop_height=1194&crop_left=0&crop_top=2&crop_width=800&v=1763995305&width=800,https://modestessential.us/collections/fall-25/products/pleated-skirt-beige,
,MODEST ESSENTIALS,Alisha Co-ord Set - Taupe,"Chic co-ord set designed for an easy, elevated everyday look. Statement pleated panel at the back for a touch of movement. Relaxed, flowy silhouette that drapes beautifully. Soft, modest, and effortlessly polished",60,USD,,https://modestessential.us/cdn/shop/files/IMG_3083.png?crop=region&crop_height=1194&crop_left=0&crop_top=2&crop_width=800&v=1763995333&width=800,https://modestessential.us/collections/fall-25/products/yusra-co-ord-set-taupe,
,MODEST ESSENTIALS,Aamena Drape Dress - Plum,"Flowy drape dress with a soft, sculpted silhouette. Comes with an additional drape piece that falls gracefully over the shoulder. Subtle asymmetry adds movement and dimension. Effortlessly modest and statement-ready",65,USD,dresses,https://modestessential.us/cdn/shop/files/IMG_3069.png?crop=region&crop_height=1194&crop_left=0&crop_top=2&crop_width=800&v=1763995339&width=800,https://modestessential.us/collections/fall-25/products/fareeha-drape-dress-plum,1
,MODEST ESSENTIALS,Aamena Drape Dress - Green,"Flowy drape dress with a soft, sculpted silhouette. Comes with an additional drape piece that falls gracefully over the shoulder. Subtle asymmetry adds movement and dimension. Effortlessly modest and statement-ready",65,USD,dresses,https://modestessential.us/cdn/shop/files/IMG_3072.png?crop=region&crop_height=1194&crop_left=0&crop_top=2&crop_width=800&v=1763995337&width=800,https://modestessential.us/collections/fall-25/products/amya-drape-dress,1
,MODEST ESSENTIALS,Heena asymmetric Set - Beige,"Chic co-ord set featuring a unique side pleated detail. Asymmetrical hemline adds a sharp, modern edge. Back tie-up for a customizable fit and elevated finish. Comfortable, flowy silhouette perfect for everyday elegance",65,USD,,https://modestessential.us/cdn/shop/files/IMG_3057.png?crop=region&crop_height=1194&crop_left=0&crop_top=2&crop_width=800&v=1763995330&width=800,https://modestessential.us/collections/fall-25/products/zafira-co-ord-set-beige,
,MODEST ESSENTIALS,Heena Asymmetric Set - Black,"Chic co-ord set featuring a unique side pleated detail. Asymmetrical hemline adds a sharp, modern edge. Back tie-up for a customizable fit and elevated finish. Comfortable, flowy silhouette perfect for everyday elegance",65,USD,,https://modestessential.us/cdn/shop/files/IMG_3066.png?crop=region&crop_height=1194&crop_left=0&crop_top=2&crop_width=800&v=1763995327&width=800,https://modestessential.us/collections/fall-25/products/zafira-co-ord-set-black,
,MODEST ESSENTIALS,Heena Asymmetric Set - Red,"Chic co-ord set featuring a unique side pleated detail. Asymmetrical hemline adds a sharp, modern edge. Back tie-up for a customizable fit and elevated finish. Comfortable, flowy silhouette perfect for everyday elegance",65,USD,,https://modestessential.us/cdn/shop/files/IMG_3062.png?crop=region&crop_height=1194&crop_left=0&crop_top=2&crop_width=800&v=1763995323&width=800,https://modestessential.us/collections/fall-25/products/zafira-co-ord-set-red,
,MODEST ESSENTIALS,Rida Jumpsuit Set - Plum,"Elegant full-length jumpsuit designed for effortless movement. Comes with an additional draped skirt overlay for added modesty and style. Soft, structured silhouette that flatters without clinging. Functional design with comfy fit for all-day wear",70,USD,,https://modestessential.us/cdn/shop/files/IMG_3046.png?crop=region&crop_height=1194&crop_left=0&crop_top=2&crop_width=800&v=1763995316&width=800,https://modestessential.us/collections/fall-25/products/rida-jumpsuit-set-plum,1
,MODEST ESSENTIALS,Rida Jumpsuit Set - Black,"Elegant full-length jumpsuit designed for effortless movement. Comes with an additional draped skirt overlay for added modesty and style. Soft, structured silhouette that flatters without clinging. Functional design with comfy fit for all-day wear",70,USD,,https://modestessential.us/cdn/shop/files/IMG_3051.png?crop=region&crop_height=1194&crop_left=0&crop_top=2&crop_width=800&v=1763995321&width=800,https://modestessential.us/collections/fall-25/products/rida-jumpsuit-set-black,1
,MODEST ESSENTIALS,Rida Jumpsuit Set - Brown,"Elegant full-length jumpsuit designed for effortless movement. Comes with an additional draped skirt overlay for added modesty and style. Soft, structured silhouette that flatters without clinging. Functional design with comfy fit for all-day wear",70,USD,,https://modestessential.us/cdn/shop/files/IMG_3042.png?crop=region&crop_height=1194&crop_left=0&crop_top=2&crop_width=800&v=1763995313&width=800,https://modestessential.us/collections/fall-25/products/rida-jumpsuit-set-maroon,1
,MODEST ESSENTIALS,Saba Pocket Dress - Brown,"Contemporary dress designed with a sleek, minimal silhouette. ⁠Comes with an additional belt piece featuring built-in pockets. ⁠The belt adds structure, edge, and everyday convenience. ⁠Perfect blend of comfort and statement styling",70,USD,dresses,https://modestessential.us/cdn/shop/files/Modest_Essentials6639_copy_2.jpg?crop=region&crop_height=4359&crop_left=283&crop_top=0&crop_width=2920&v=1763995295&width=3488,https://modestessential.us/collections/fall-25/products/fariha-pocket-dress-brown,
,MODEST ESSENTIALS,Saba Pocket Dress - Black,"Contemporary dress designed with a sleek, minimal silhouette. ⁠Comes with an additional belt piece featuring built-in pockets. ⁠The belt adds structure, edge, and everyday convenience. ⁠Perfect blend of comfort and statement styling",70,USD,dresses,https://modestessential.us/cdn/shop/files/IMG_2913.jpg?crop=region&crop_height=1341&crop_left=0&crop_top=3&crop_width=899&v=1763995293&width=899,https://modestessential.us/collections/fall-25/products/fariha-pocket-dress-black,
,MODEST ESSENTIALS,Saba Pocket Dress - Maroon,"Contemporary dress designed with a sleek, minimal silhouette. ⁠Comes with an additional belt piece featuring built-in pockets. ⁠The belt adds structure, edge, and everyday convenience. ⁠Perfect blend of comfort and statement styling",70,USD,dresses,https://modestessential.us/cdn/shop/files/ModestEssentials6752copy1.jpg?crop=region&crop_height=4465&crop_left=290&crop_top=0&crop_width=2991&v=1763995291&width=3572,https://modestessential.us/collections/fall-25/products/h,
,SHOP FARES,Tailored Maxi Skirt - Coffee,"A simple cut skirt, tailored to perfection. Featuring a flowy and modest design with a hidden elastic waist. Crafted with a one of a kind waffle woven fabric for the perfect blend of structure and comfort.",54,USD,skirts,https://shopfares.com/cdn/shop/files/Vintage_Cardigan_Brown_Coffee_Pants_Modest_Hijabi_Hijab_Clothing_Shirt_Top_Fashion_Skirt_4.jpg?v=1737878658&width=2464,https://shopfares.com/products/tailored-maxi-skirt-coffee,1
,SHOP FARES,Buttery Straight Leg Trousers - Bluebell,"Complete your look with our buttery-soft modal pants, designed for all-day comfort. These straight-leg pants feature a flexible elastic-back waistband and practical pockets for effortless wear. A versatile, polished essential that pairs perfectly with any outfit.",57,USD,,https://shopfares.com/cdn/shop/files/Light_Blue_Modest_Top_Pants_Hijab_Hijabi_Fall_Set_Tunic_Soft_Trousers_Bluebell_5_3010a589-3397-4ba0-9ce0-a5d3b6574f34.jpg?v=1763549274&width=1600,https://shopfares.com/products/buttery-straight-leg-trousers-bluebell,1
,SHOP FARES,Tailored Vintage Cardigan - Navy,"A tailored cardigan inspired by timeless silhouettes. Includes a tie-back feature to adjust the waist, large statement buttons, and wide sleeves. Crafted with a one of a kind waffle woven fabric for the perfect blend of structure and comfort.",62,USD,tops,https://shopfares.com/cdn/shop/files/Dark_Navy_Blue_Modest_Top_Bottoms_Hijab_Hijabi_Fall_Set_Cardigan__Skirt_Midnight_2.jpg?v=1763568878&width=1600,https://shopfares.com/products/tailored-vintage-cardigan-navy,1
,SHOP FARES,Tailored Vintage Cardigan - Coffee,"A tailored cardigan inspired by timeless silhouettes. Includes a tie-back feature to adjust the waist, large statement buttons, and wide sleeves. Crafted with a one of a kind waffle woven fabric for the perfect blend of structure and comfort.",62,USD,tops,https://shopfares.com/cdn/shop/files/Vintage_Cardigan_Brown_Coffee_Pants_Modest_Hijabi_Hijab_Clothing_Shirt_Top_Fashion_Skirt_8.jpg?v=1737878198&width=2786,https://shopfares.com/products/tailored-vintage-cardigan-coffee,1
,SHOP FARES,Buttery Side Ruched Tunic - Bluebell,"Experience ultimate comfort in our buttery-soft modal tunic. This modest, tailored top features a ruched overlay, unique pretzel-shaped buttons, and wide sleeves for an effortlessly chic look. A versatile and cozy top that can be dressed up or down. ",65,USD,tops,https://shopfares.com/cdn/shop/files/Light_Blue_Modest_Top_Pants_Hijab_Hijabi_Fall_Set_Tunic_Soft_Trousers_Bluebell_2_52815512-1aca-477f-b923-937099897cf2.jpg?v=1763549217&width=1600,https://shopfares.com/products/buttery-side-ruched-tunic-bluebell,1
,SHOP FARES,Draped Shawl Knit Top - Espresso,"Elevate your loungewear with this modest and soft jersey knit button-up featuring wide sleeves, an elastic back, and a front cape detail that drapes beautifully over the shoulder for extra warmth and coverage. Style it with the matching trousers, dress pants, or your favorite denim - the styling options are endless. ",65,USD,tops,https://shopfares.com/cdn/shop/files/Brown_Modest_Knit_Top_Pants_Hijab_Hijabi_Fall_Set_Espresso_2.jpg?v=1763568288&width=1600,https://shopfares.com/products/draped-shawl-knit-top-espresso,1
,SHOP FARES,CityLite Track Jacket - Black,"A modest athleisure-inspired jacket designed with a flattering, adjustable silhouette. Featuring a drawstring waist, utility pockets, a large hoodie, and a two-way zipper for customization. Breathable, sleek, and effortlessly versatile—perfect for layering from studio to street.",88,USD,tops,https://shopfares.com/cdn/shop/files/Black_Modest_Top_Jacket_Hijab_Hijabi_Fall_Hoodie_Black_1.jpg?v=1763568691&width=1600,https://shopfares.com/products/citylite-track-jacket-black,1
,SHOP FARES,Trench Coat Dress - Khaki Green,"Can’t decide between a trench coat or a modest dress? We’ve got the solution. Introducing our new Trench Coat Dress, perfect for this season and transitioning into the next. Featuring an adjustable waist and sleeves, wide cut lapels, functional pockets, and a mock (full coverage) slit for better movement.",92,USD,dresses,https://shopfares.com/cdn/shop/files/Khaki_Green_Trench_Coat_Dress_Moest_Hijab_Hijabi_Fashion_Clothing_4.jpg?v=1737961720&width=2900,https://shopfares.com/products/trench-coat-dress-khaki-green,1
,SHOP FATIMA DIALLO,Berry Print Modal Hijab,"Enhance your summer wardrobe with our Print Modal Hijab, designed specifically to complement our signature wrap dresses. Made from soft and comfortable modal fabric, it adds a fun pop of color to any casual or dressed up look. Perfect for summer. ",18,USD,hijabs,https://shopfatimadiallo.com/cdn/shop/files/DSC07610.jpg?v=1764213486&width=1200,https://shopfatimadiallo.com/products/berry-print-modal-hijab,1
,SHOP FATIMA DIALLO,Green Ocean Print Modal Hijab,"Enhance your summer wardrobe with our Print Modal Hijab, designed specifically to complement our signature wrap dresses. Made from soft and comfortable modal fabric, it adds a fun pop of color to any casual or dressed up look. Perfect for summer. ",18,USD,hijabs,https://shopfatimadiallo.com/cdn/shop/files/DSC07627.jpg?v=1764213501&width=1200,https://shopfatimadiallo.com/products/brown-black-print-modal-hijab-copy,1
,SHOP FATIMA DIALLO,Brown Chiffon Knot Skirt,"This brown chiffon skirt features a double-lined design for enhanced comfort and modesty. Its lightweight fabric drapes elegantly, while the distinctive knot detail adds a refined focal point, elevating both casual and formal ensembles with a touch of sophistication.",55,USD,skirts,https://shopfatimadiallo.com/cdn/shop/files/DSC00245.jpg?v=1755356835&width=1200,https://shopfatimadiallo.com/products/brown-chiffon-knot-skirt,1
,SHOP FATIMA DIALLO,Royal Blue Wrap Waist Dress,"Our signature Wrap Waist Dress is crafted for effortless styling and unmatched versatility. Designed with an attached wrap detail and wide sleeves, it offers comfort and a flattering fit suitable for any look. Easily dress it up or down to suit any occasion. Available in 10 colors, this dress is a perfectaddition to every wardrobe.",70,USD,dresses,https://shopfatimadiallo.com/cdn/shop/files/DSC00177.jpg?v=1755357674&width=1200,https://shopfatimadiallo.com/products/royal-blue-wrap-waist-linen-dress-copy,1
,SHOP FATIMA DIALLO,Orange Linen Dress,"Expertly crafted from a linen rayon blend, this Orange Linen Dress offers breathable comfort and an elegant drape. The long sleeves and v neckline complement the ruched waist detail on both sides, creating a flattering silhouette. Perfect for any occasion, this dress is both stylish and comfortable.",75,USD,dresses,https://shopfatimadiallo.com/cdn/shop/files/DSC00230.jpg?v=1755357462&width=1200,https://shopfatimadiallo.com/products/orange-linen-dress,1
,SHOP FATIMA DIALLO,Wine Satin Tulip Dress (Pre-Order),"Introducing our Beige Satin Tulip Dress, expertly crafted with a fully lined asymmetrical tulip skirt, hi low sleeves, and a round neckline. Made with luxurious satin fabric for a sophisticated and elegant look. Perfect for any special occasion.",95,USD,dresses,https://shopfatimadiallo.com/cdn/shop/files/DSC07745_de3a3a2b-3596-4a7f-ab0c-53f4124a0e5f.jpg?v=1764214276&width=1200,https://shopfatimadiallo.com/products/wine-satin-tulip-dress,1
,SHOP FATIMA DIALLO,Khaki Asymmetrical Pants Set (Pre-Order),"This Khaki Asymmetrical Pants Set brings a sophisticated look to your wardrobe. The asymmetrical top, combined with the wide leg pants and the tie on the back, creates an elegant and modern ensemble.",95,USD,,https://shopfatimadiallo.com/cdn/shop/files/DSC07961.jpg?v=1764212896&width=1200,https://shopfatimadiallo.com/products/green-set,1
,SHOP FATIMA DIALLO,Purple Cape Dress Set,"Effortlessly elevate your style with our elegant Cape Dress Set. This two-piece ensemble features a stunning flowy inner dress and a removable cape addition, allowing you to customize your look. Made with you in mind, this dress exudes sophistication and versatility. Perfect for any occasion, stand out this Eid. ",95,USD,dresses,https://shopfatimadiallo.com/cdn/shop/files/DSC07716.jpg?v=1764213585&width=1200,https://shopfatimadiallo.com/products/mauve-cape-dress-set-copy,1
,TRYMODEST,Printed Tie Dye Hijabs,"Indulge in our latest collection of Printed Tie-Dye Hijabs. Crafted from a blend of soft cotton polyester, these versatile hijabs offer the perfect balance of comfort and durability. With 50 unique prints to choose from, you can effortlessly elevate your style for any occasion. Their lightweight design ensures all-day comfort, while the tie-dye pattern adds a touch of bohemian chic. To keep your hijab in place and prevent snags, simply use hijab magnets.",16.5,USD,hijabs,https://trymodest.com/cdn/shop/files/O1CN01OONDm420Hu9bd5D1A__2217047136825-0-cib.jpg,https://trymodest.com/products/tie-dye-hijabs,1
,TRYMODEST,Jersey turban long scarf,Jersey scarfs/hijab,18.48,USD,scarves,https://trymodest.com/cdn/shop/files/Jersey-turban-long-scarf-Try-Modest-Limited-4619.jpg,https://trymodest.com/products/jersey-turban-long-scarf,1
,TRYMODEST,Pashmina Shawls-Different Shades Available,"Elevate your style with our Pashmina Shawl Hijabs, crafted from elegant imitation cashmere. These versatile pieces, measuring 70cm x 180cm, effortlessly drape and flow, adding a touch of sophistication to any outfit. Available in a spectrum of enchanting shades, our Pashmina Shawl Hijabs offer the perfect blend of comfort, style, and modesty.",21.16,USD,shawls,https://trymodest.com/cdn/shop/files/Pashmina_Shawls.webp,https://trymodest.com/products/pashmina-shawls-different-shades-available,1
,TRYMODEST,Watercolor Floral Printed Modal Hijab,"Wrap yourself in the tranquil beauty of our Watercolour Floral hijab. Like delicate blooms drifting across a shimmering pond, this hijab features a captivating blend of blues, pinks, and teals. Each piece is lovingly woven and made from our signature 100% modal collection, a renewable resource that offers a cooling touch as enchanting as its design. Experience the flowing artistry of watercolor in motion with this mesmerising hijab.",23.1,USD,hijabs,https://trymodest.com/cdn/shop/files/watercolor_floral_printed_hijab.png,https://trymodest.com/products/watercolor-floral-printed-modal-hijab,1
,TRYMODEST,2 Piece Crepe Abaya Set,"Discover our top-selling 2-Piece Crepe Abaya Set, designed for ultimate comfort and breathability. With a sleek detachable belt, this versatile set is perfect for all seasons. Embrace casual elegance with a slight stretch, while the broadcloth fabric consists of high-quality polyester. Enhance your wardrobe with this must-have item!",64.68,USD,abayas,https://trymodest.com/cdn/shop/files/2-Piece-Crepe-Abaya-Set-Try-Modest-Limited-7365.jpg,https://trymodest.com/products/2-piece-crepe-abaya,1
,TRYMODEST,Deena Velvet Coat Abaya,"Embrace timeless elegance with the Deena Velvet Coat Abaya. This cosy and stylish piece is perfect for fall and winter, crafted from luxurious velvet for a touch of opulence. Available in four stunning colors and sizes S-XXL, this open-style abaya features convenient pockets for added functionality. Experience the perfect blend of comfort and sophistication.",64.9,USD,abayas,https://trymodest.com/cdn/shop/files/Deena-Velvet-Coat-Abaya-Try-Modest-Limited-4960.jpg,https://trymodest.com/products/deena-velvet-coat-abaya,1
,TRYMODEST,Effortless Everyday Sweatshirt Abaya Dress,"The Effortless Everyday Sweatshirt Abaya Dress is a versatile and comfortable piece designed for modern women. Crafted from breathable polyester, this long-sleeved abaya dress comes in 15 solid colors and is available in sizes S, M, L, and XL. Its hoodie style adds a touch of casual elegance, while the side pockets offer convenient storage. Perfect for everyday wear, this abaya dress seamlessly blends comfort and style.",65.92,USD,abayas,https://trymodest.com/cdn/shop/files/EffortlessEverydaySweatshirtAbayaDress_30.png,https://trymodest.com/products/effortless-everyday-sweatshirt-abaya-dress,1
,TRYMODEST,Classic Solid Color Abaya with Hijab Set (3pcs),"Discover the luxurious comfort and style of our Classic Solid Color Abaya with a matching Hijab Set (3pcs). Made with breathable Jazz fabric, this set includes an inner sleeveless dress and an outer open Abaya, available in a range of sizes and colors including coffee, beige, gray, army green, navy, and black. Elevate your wardrobe with this versatile and elegant set today!",71.28,USD,abayas,https://trymodest.com/cdn/shop/files/Classic-Solid-Color-Abaya-with-Hijab-Set-3pcs-Try-Modest-Limited-4787.jpg,https://trymodest.com/products/classic-solid-color-abaya-with-hijab-set-3pcs,1
,TRYMODEST,Essential Abaya Cardigan Knit Set,"Elevate your daily wardrobe with our stylish Open Abaya and Inner Dress Set. This versatile ensemble, perfect for Autumn, Winter, and Spring, combines comfort and elegance. The open abaya, crafted from a soft Wool and Polyester blend, features practical pockets and a contemporary design. The solid-color, sleeveless inner dress offers a minimalist look. Wear the set together for a complete outfit or purchase the cardigan and inner dress separately. Available in four classic colours (Coffee, Black, Khaki, and Apricot) and two sizes (S/M and L/XL), this set is the perfect addition to your modest wardrobe.",72.6,USD,abayas,https://trymodest.com/cdn/shop/files/Essential_Abaya_Cardigan_Knit_Set_32.jpg,https://trymodest.com/products/essential-abaya-cardigan-knit-set,1
,TRYMODEST,Suha hoodie abaya with pockets,"Experience ultimate comfort and style with our Suha hoodie abaya! Made from soft corduroy polyester material, this abaya features convenient side pockets, perfect for the chilly autumn/winter season. Available in sizes S-XL, this abaya is the perfect addition to your wardrobe.",79.19,USD,abayas,https://trymodest.com/cdn/shop/files/Suha-hoodie-abaya-with-pockets-Try-Modest-Limited-6130.png,https://trymodest.com/products/suha-hoodie-abaya-with-pockets,1
,TRYMODEST,Afraa Everyday Elegance Abaya Pant Co-ord,"Experience daily comfort and style with our Cotton Linen Abaya Pants Set. This set, made from a breathable linen feel blend provides a lightweight, airy feel ideal for spring, summer, and autumn. Designed for practicality, it features quick-dry, anti-shrink, anti-static, and anti-wrinkle properties, ensuring you look effortlessly put together all day long. The wide-leg pants include convenient pockets, adding functionality to this elegant ensemble.""",87.99,USD,abayas,https://trymodest.com/cdn/shop/files/AfraaEverydayEleganceAbayaPantCo-ord_11.jpg,https://trymodest.com/products/afraa-everyday-elegance-abaya-pant-co-ord,1
,TRYMODEST,Three piece beaded evening abaya,"This luxurious three-piece beaded evening abaya, crafted from acetate and polyester, is designed to make a statement. The intricate beading and beautiful hues of black and brown make it perfect for any evening event. Look elegant and sophisticated in this timeless, tailored design.",145.2,USD,abayas,https://trymodest.com/cdn/shop/files/Three-piece-beaded-evening-abaya-Try-Modest-Limited-133.jpg,https://trymodest.com/products/three-piece-beaded-evning-abaya,1